{
  "best_val_accuracy": 82.66,
  "final_val_accuracy": 82.6,
  "epochs_trained": 10,
  "train_acc_history": [
    41.14,
    60.816,
    69.17,
    73.808,
    76.716,
    81.45,
    82.724,
    83.18,
    83.766,
    84.05
  ],
  "test_acc_history": [
    46.45,
    64.46,
    68.13,
    66.41,
    76.34,
    81.71,
    82.06,
    82.35,
    82.66,
    82.6
  ],
  "train_loss_history": [
    1.573338266833664,
    1.081165072253293,
    0.869872986355706,
    0.7488929528714446,
    0.6717250876109618,
    0.5387917484926141,
    0.4997698966499485,
    0.48872011518844255,
    0.4678802023763242,
    0.46423623209719156
  ],
  "test_loss_history": [
    1.6849775480318674,
    1.0065142678309091,
    0.9380372121364255,
    1.020998257624952,
    0.6998951412454436,
    0.539170891046524,
    0.5252961912487126,
    0.5189299971996983,
    0.5110447931138775,
    0.5104578243026251
  ],
  "learning_rate_history": [
    0.01,
    0.01,
    0.01,
    0.01,
    0.001,
    0.001,
    0.001,
    0.0001,
    0.0001,
    0.0001
  ],
  "organized_at": "2025-12-04T11:17:00.701758"
}