{
  "best_val_accuracy": 83.72,
  "final_val_accuracy": 83.72,
  "epochs_trained": 10,
  "train_acc_history": [
    61.792,
    67.63,
    72.064,
    80.0,
    81.766,
    82.768,
    83.934,
    84.586,
    84.608,
    84.724
  ],
  "test_acc_history": [
    59.45,
    66.85,
    63.24,
    80.69,
    81.08,
    82.49,
    83.42,
    83.32,
    83.46,
    83.72
  ],
  "train_loss_history": [
    1.0658683897284291,
    0.9149617862213603,
    0.7958221790735679,
    0.5795183441675532,
    0.5244581123904499,
    0.4959084205615246,
    0.45990584969825454,
    0.4478806049165214,
    0.44340422501801835,
    0.4382553906239512
  ],
  "test_loss_history": [
    1.1559046944485436,
    0.9659912616391725,
    1.2221088537686988,
    0.5637710535828071,
    0.5540187630472304,
    0.5257817393616785,
    0.4905593976189819,
    0.48877999865556065,
    0.48497837895079504,
    0.4812957870809338
  ],
  "learning_rate_history": [
    0.1,
    0.1,
    0.010000000000000002,
    0.010000000000000002,
    0.010000000000000002,
    0.0010000000000000002,
    0.0010000000000000002,
    0.0010000000000000002,
    0.0010000000000000002,
    0.0010000000000000002
  ],
  "organized_at": "2025-12-04T11:17:00.082367"
}