{
  "best_val_accuracy": 84.09,
  "final_val_accuracy": 84.09,
  "epochs_trained": 10,
  "train_acc_history": [
    44.292,
    61.454,
    69.606,
    74.506,
    77.322,
    79.872,
    81.872,
    83.678,
    84.954,
    85.642
  ],
  "test_acc_history": [
    54.2,
    60.29,
    67.03,
    67.71,
    75.75,
    77.79,
    81.11,
    82.59,
    83.7,
    84.09
  ],
  "train_loss_history": [
    1.4969829310236684,
    1.0701152577119715,
    0.8638066728706555,
    0.7323789325973872,
    0.6533288770471998,
    0.5814692815551368,
    0.5226668387727664,
    0.47127139972298954,
    0.43450396235489175,
    0.4141161260016434
  ],
  "test_loss_history": [
    1.2877564679218243,
    1.1480186332630207,
    0.9409751326222963,
    1.0837529105476187,
    0.7149559534803221,
    0.6519084599199174,
    0.5603462733045409,
    0.5195219075377984,
    0.4837716619802427,
    0.4767750486542907
  ],
  "learning_rate_history": [
    0.0009755282581475768,
    0.0009045084971874736,
    0.0007938926261462366,
    0.0006545084971874737,
    0.0005,
    0.00034549150281252633,
    0.0002061073738537635,
    9.549150281252634e-05,
    2.4471741852423235e-05,
    0.0
  ],
  "organized_at": "2025-12-04T11:17:01.298184"
}