{
  "best_val_accuracy": 87.5,
  "final_val_accuracy": 87.5,
  "epochs_trained": 20,
  "train_acc_history": [
    31.742,
    51.766,
    64.58,
    71.456,
    75.564,
    78.182,
    79.964,
    81.376,
    82.73,
    83.756,
    87.744,
    88.796,
    89.126,
    89.724,
    90.002,
    90.668,
    90.654,
    90.788,
    90.892,
    90.852
  ],
  "test_acc_history": [
    40.55,
    57.74,
    61.86,
    69.05,
    74.09,
    71.63,
    78.73,
    80.34,
    81.16,
    81.27,
    86.4,
    86.85,
    86.83,
    87.05,
    87.01,
    87.29,
    87.41,
    87.28,
    87.38,
    87.5
  ],
  "train_loss_history": [
    1.7944517562456448,
    1.3181312602499258,
    0.9953463143095032,
    0.8135085980910475,
    0.7029632706471416,
    0.6287538070812859,
    0.5762597760733437,
    0.5382623081774358,
    0.49958188591710745,
    0.47099926633298245,
    0.3588223155121059,
    0.3260794006421438,
    0.3113410861214713,
    0.29822880578467914,
    0.29100744571069925,
    0.27451846388447315,
    0.27005494685124254,
    0.2661317640825001,
    0.2635313176056918,
    0.26223568740250813
  ],
  "test_loss_history": [
    1.6150109979170788,
    1.1882624490351616,
    1.1113941518566277,
    0.8931521154657195,
    0.783201152010809,
    0.8928812010378777,
    0.6314552965797956,
    0.6052927646455886,
    0.5586741166778758,
    0.5406270596799971,
    0.41255346355558953,
    0.3961526851488065,
    0.3991535260707517,
    0.3964254246859611,
    0.4024546265224867,
    0.38737773046463353,
    0.3873368435645405,
    0.38596881888335266,
    0.38559786013410063,
    0.38346372846561144
  ],
  "learning_rate_history": [
    0.1,
    0.1,
    0.1,
    0.1,
    0.1,
    0.1,
    0.1,
    0.1,
    0.1,
    0.010000000000000002,
    0.010000000000000002,
    0.010000000000000002,
    0.010000000000000002,
    0.010000000000000002,
    0.0010000000000000002,
    0.0010000000000000002,
    0.0010000000000000002,
    0.0010000000000000002,
    0.0010000000000000002,
    0.0010000000000000002
  ],
  "organized_at": "2025-12-04T11:17:01.984081"
}